{"cameraMode":{"drawMode":0,"name":"Shaded","section":"Shading Mode"},"sceneLighting":true,"audioPlay":false,"sceneViewState":{"showFog":true,"showMaterialUpdate":false,"showSkybox":true,"showFlares":true,"showImageEffects":true,"showParticleSystems":true},"in2DMode":false,"pivot":{"x":-0.2393798828125,"y":2.345458984375,"z":-0.318359375},"rotation":{"x":0.04647371917963028,"y":-0.02097620628774166,"z":0.0009772051125764847,"w":0.998704731464386},"size":13.9153470993042,"orthographic":true}