{"cameraMode":{"drawMode":0,"name":"Shaded","section":"Shading Mode"},"sceneLighting":true,"audioPlay":false,"sceneViewState":{"showFog":true,"showMaterialUpdate":false,"showSkybox":true,"showFlares":true,"showImageEffects":true,"showParticleSystems":true},"in2DMode":false,"pivot":{"x":-0.28170526027679446,"y":5.07985258102417,"z":0.0},"rotation":{"x":0.0029999176040291788,"y":0.01349964551627636,"z":-0.000040360337152378634,"w":0.9999045729637146},"size":14.594595909118653,"orthographic":true}