{"cameraMode":{"drawMode":0,"name":"Shaded","section":"Shading Mode"},"sceneLighting":true,"audioPlay":false,"sceneViewState":{"showFog":true,"showMaterialUpdate":false,"showSkybox":true,"showFlares":true,"showImageEffects":true,"showParticleSystems":true,"showVisualEffectGraphs":true,"m_FxEnabled":true},"in2DMode":false,"pivot":{"x":751.3358764648438,"y":313.2290954589844,"z":42.21551513671875},"rotation":{"x":0.013365988619625569,"y":0.14052210748195649,"z":-0.001897371024824679,"w":0.9899987578392029},"size":461.5523681640625,"orthographic":true}